step,C-NR,C-SR,C-AR,C-UR,OC-NR,OC-SR,OC-AR,OC-UR,OD-NR,OD-SR,OD-AR,OD-UR,D-NR,D-SR,D-AR,D-UR
0,32,24,28,25,21,23,24,26,24,26,21,14,30,27,22,33
1,26,40,29,27,26,17,30,31,14,20,21,25,16,28,27,23
2,20,22,25,32,22,30,23,26,30,24,30,21,29,23,21,22
3,28,27,19,15,25,21,25,28,28,30,26,28,31,26,21,22
4,21,18,26,26,28,14,36,27,19,18,29,32,21,28,32,25
5,23,19,24,20,23,22,32,20,21,16,34,43,24,23,21,35
6,26,19,22,26,23,21,24,36,22,25,23,28,35,18,19,33
7,25,26,25,26,26,25,22,26,24,20,27,28,27,23,25,25
8,23,29,22,21,15,36,27,29,23,28,26,24,23,23,31,20
9,16,28,24,28,23,23,32,22,26,26,22,32,25,21,29,23
10,29,17,27,31,22,23,37,19,26,26,20,30,21,24,24,24
11,29,35,22,23,22,21,18,34,27,26,34,20,20,22,19,28
12,25,28,22,23,24,26,22,28,29,27,25,17,24,22,23,35
13,34,22,27,20,23,21,27,25,19,30,23,32,25,28,26,18
14,27,23,20,20,26,28,20,33,18,26,29,22,36,16,26,30
15,24,26,26,27,21,23,28,23,29,32,26,21,23,20,20,31
16,25,27,25,22,26,30,31,28,20,18,17,23,24,27,33,24
17,19,30,24,27,37,23,18,24,21,26,26,21,24,31,17,32
18,17,20,30,30,34,24,21,32,33,27,14,21,19,28,31,19
19,15,29,26,16,33,23,29,23,27,21,27,31,27,17,29,27
20,24,19,21,22,31,27,34,21,36,23,24,26,27,13,28,24
21,24,24,27,22,36,16,37,25,23,26,28,15,30,21,26,20
22,30,15,26,29,25,24,24,29,30,17,31,24,32,25,19,20
23,31,30,20,30,17,12,30,27,22,31,25,26,28,25,21,25
24,26,31,22,29,25,17,18,23,23,31,25,32,26,28,23,21
25,20,17,22,19,31,23,20,16,22,23,37,35,32,40,18,25
26,31,15,22,25,30,26,29,21,33,18,21,39,19,23,22,26
27,25,23,17,30,28,24,27,36,25,28,24,27,28,18,23,17
28,27,20,21,22,21,38,21,17,26,39,22,28,25,28,18,27
29,23,29,24,26,25,33,23,27,20,21,22,26,29,26,20,26
30,24,32,22,28,26,30,23,32,33,24,15,27,26,23,17,18
31,24,41,19,28,19,24,28,24,32,27,17,27,24,13,24,29
32,25,33,25,29,27,23,28,24,27,31,22,19,19,29,20,19
33,27,38,18,20,25,25,32,16,23,24,29,24,27,23,28,21
34,26,39,27,26,20,25,28,16,18,21,38,20,26,25,23,22
35,31,20,28,25,29,17,27,30,29,26,19,22,19,25,30,23
36,24,20,30,30,27,20,23,29,27,24,18,28,23,29,25,23
37,26,24,21,21,35,25,25,24,26,21,26,22,26,27,29,22
38,33,26,32,21,30,24,27,24,19,21,21,24,21,25,22,30
39,34,22,20,25,35,32,18,28,30,20,20,26,17,28,22,23
40,26,31,14,26,39,25,22,31,26,24,23,23,31,18,26,15
41,26,25,22,24,28,16,25,23,28,26,33,24,24,21,26,29
42,25,22,20,22,20,29,28,24,13,27,28,31,25,26,38,22
43,25,18,24,16,28,29,40,22,20,39,28,24,14,25,21,27
44,26,25,31,26,23,28,37,24,19,28,23,16,22,26,24,22
45,26,25,23,23,25,28,28,30,19,24,33,26,17,31,20,22
46,26,25,33,26,21,28,18,27,16,27,29,22,24,33,18,27
47,32,21,28,24,24,29,24,27,24,20,26,30,24,27,19,21
48,34,24,22,29,28,32,27,18,23,17,17,27,28,31,18,25
49,27,26,23,32,30,22,26,22,19,35,26,22,28,20,20,22
50,20,27,26,33,22,19,26,23,21,24,31,23,26,29,24,26
51,30,29,28,20,30,31,20,31,20,22,21,17,23,26,28,24
52,18,36,19,20,21,30,26,22,25,26,18,25,27,31,29,27
53,23,22,26,21,28,24,23,26,27,29,23,29,23,36,20,20
54,25,26,18,29,38,20,24,10,24,33,27,30,19,20,24,33
55,39,29,18,30,19,27,13,24,29,26,20,25,28,34,15,24
56,34,22,17,32,18,31,16,27,32,34,16,28,21,24,23,25
57,34,22,26,21,23,25,23,27,22,27,18,33,15,27,30,27
58,23,31,24,31,18,25,29,24,32,24,22,27,24,24,15,27
59,24,31,28,36,26,21,23,27,31,24,19,20,24,20,21,25
60,31,25,28,29,28,19,25,24,24,27,20,22,31,19,26,22
61,26,23,24,21,25,17,31,20,27,29,27,19,38,15,28,30
62,26,26,24,23,35,19,32,21,31,28,21,32,22,20,20,20
63,29,18,22,32,33,24,33,18,29,21,18,21,32,25,13,32
64,31,17,29,34,28,25,18,22,27,19,26,17,27,30,22,28
65,16,23,28,32,35,26,19,23,40,25,17,19,26,24,22,25
66,23,22,23,29,26,15,19,22,45,36,19,21,19,28,31,22
67,26,19,26,33,25,16,24,21,24,27,24,24,30,22,33,26
68,26,29,25,22,23,17,21,24,22,29,21,27,18,32,34,30
69,17,22,18,25,32,15,22,30,24,31,24,29,32,22,28,29
70,15,27,22,18,24,26,20,34,34,31,35,18,26,24,24,22
71,30,30,12,19,19,33,25,33,18,31,28,28,19,24,22,29
72,26,26,27,23,28,16,21,27,19,33,25,29,25,19,22,34
73,30,36,19,22,25,23,29,30,22,33,25,26,19,21,17,23
74,26,23,28,23,19,25,34,18,28,30,19,28,26,34,21,18
75,15,24,26,23,25,24,20,23,33,26,23,30,25,30,31,22
76,23,16,27,29,24,27,28,25,24,29,24,27,32,22,22,21
77,31,24,28,24,27,18,23,36,24,23,23,28,23,22,23,23
78,25,29,22,31,26,23,42,22,21,26,28,24,17,17,26,21
79,20,23,33,17,32,24,28,25,23,20,28,26,18,31,29,23
80,30,18,25,24,23,21,24,24,19,30,26,30,26,27,27,26
81,22,18,33,31,25,30,28,30,19,24,25,23,26,26,20,20
82,34,29,27,30,23,26,29,22,23,21,26,18,16,23,29,24
83,25,28,32,26,26,21,27,18,25,26,27,20,16,22,36,25
84,25,27,29,25,24,24,31,18,23,30,32,19,23,21,28,21
85,21,21,26,20,31,23,35,26,21,20,26,32,19,23,28,28
86,23,30,28,31,22,17,35,24,20,24,24,25,22,26,23,26
87,32,26,31,29,24,25,27,29,22,24,28,19,23,19,20,22
88,24,20,27,33,33,15,22,20,24,24,28,32,20,21,25,32
89,25,23,17,37,30,28,17,14,32,15,19,29,33,24,28,29
90,26,23,17,27,23,28,26,25,33,18,24,26,25,26,21,32
91,24,24,27,17,28,17,26,33,33,29,21,33,24,21,20,23
92,30,19,18,18,27,26,22,23,36,19,20,33,26,33,25,25
93,15,38,19,19,18,31,25,30,22,22,25,29,25,17,27,38
94,29,29,12,19,22,24,20,29,17,25,32,27,38,23,25,29
95,22,26,20,28,31,32,22,24,20,21,30,26,21,22,28,27
96,23,31,27,29,30,23,20,22,25,25,19,23,24,28,28,23
97,20,29,23,26,20,30,28,31,28,20,25,24,28,25,22,21
98,30,27,21,16,16,19,31,40,24,28,26,19,24,27,21,31
99,26,21,19,27,20,27,30,20,26,28,19,28,25,22,32,30
100,28,26,23,25,25,22,26,23,22,36,20,27,23,23,29,22
101,17,26,28,31,23,21,24,26,26,32,27,26,21,21,30,21
102,30,22,27,24,24,22,28,33,18,30,26,22,23,25,26,20
103,28,35,29,24,19,24,20,22,25,31,24,27,19,28,24,21
104,18,29,28,24,17,20,27,24,27,28,24,30,20,35,24,25
105,18,25,30,25,27,20,19,23,27,29,32,28,27,19,29,22
106,22,17,21,24,20,21,22,31,37,20,30,24,25,25,32,29
107,19,24,25,23,25,17,33,35,27,27,23,16,26,35,21,24
108,27,29,23,23,34,22,29,28,25,24,30,16,19,18,26,27
109,29,27,23,27,28,28,23,21,23,24,27,17,34,23,23,23
110,28,23,29,18,24,26,23,27,30,24,23,29,29,21,24,22
111,28,32,26,23,19,20,24,23,16,27,24,34,30,23,27,24
112,22,24,38,21,22,18,27,18,16,22,25,29,25,26,37,30
113,34,23,28,27,17,25,31,11,23,23,26,21,22,29,26,34
114,26,32,26,16,22,25,25,24,25,36,29,24,21,21,23,25
115,29,24,29,18,24,26,22,23,27,34,22,22,32,22,21,25
116,31,29,29,21,20,40,19,19,28,32,23,20,27,22,20,20
117,24,37,32,28,25,17,27,17,26,21,29,20,30,21,28,18
118,32,26,25,35,30,24,26,19,34,22,27,24,14,20,24,18
119,30,29,29,23,24,22,22,18,31,30,16,25,27,23,20,31
120,28,26,24,30,23,29,23,22,20,19,31,29,24,27,23,22
121,21,24,28,32,23,28,29,27,24,15,17,22,20,33,27,30
122,24,33,26,22,27,21,26,25,23,18,16,25,21,37,29,27
123,27,20,28,24,27,33,19,29,25,23,18,20,34,27,23,23
124,31,25,26,22,19,27,18,26,24,24,26,22,28,26,24,32
125,21,29,20,26,22,25,37,23,27,25,25,21,27,26,16,30
126,17,24,23,16,35,20,25,25,31,29,28,28,34,21,21,23
127,26,26,24,21,20,24,26,20,29,26,20,22,29,28,29,30
128,25,27,30,26,19,24,24,18,27,28,30,17,18,31,28,28
129,26,27,31,20,24,27,28,14,25,23,24,25,26,19,35,26
130,24,22,31,30,20,26,27,24,25,27,25,19,25,20,27,28
131,33,17,24,28,24,19,24,29,20,26,25,24,26,30,29,22
132,14,28,23,26,20,23,21,34,24,24,25,26,37,24,32,19
133,29,19,27,25,27,23,23,23,33,21,29,25,22,24,25,25
134,17,22,34,24,24,25,32,20,24,27,28,25,26,21,27,24
135,21,27,26,17,28,28,18,28,30,34,24,22,24,23,24,26
136,18,27,28,26,24,38,24,18,22,21,25,28,30,31,21,19
137,29,16,22,27,22,35,19,30,28,29,23,20,32,24,24,20
138,23,27,18,23,40,31,19,26,23,24,31,32,23,18,19,23
139,34,31,24,20,20,22,24,20,28,23,26,22,21,26,29,30
140,29,25,24,15,23,18,29,26,27,32,23,18,24,30,32,25
141,28,18,20,18,29,37,34,20,23,35,25,21,19,22,27,24
142,31,26,26,28,32,23,23,12,22,30,24,27,26,20,25,25
143,26,19,29,21,30,35,23,16,36,20,29,18,30,21,22,25
144,25,26,26,24,37,32,19,23,32,22,16,25,29,22,20,22
145,30,29,21,21,25,21,32,36,20,22,24,26,24,18,31,20
146,24,28,27,22,30,24,21,25,25,27,25,25,31,13,27,26
147,17,24,35,23,28,27,25,22,26,19,30,16,23,35,25,25
148,25,24,26,21,22,17,25,20,26,22,21,32,32,32,31,24
149,26,26,20,27,27,17,32,24,17,20,27,21,24,31,37,24
150,23,29,19,21,28,12,30,29,21,25,29,19,32,20,34,29
151,23,24,33,20,24,17,30,25,29,26,27,20,25,26,26,25
152,27,23,31,22,16,22,31,25,29,24,25,25,19,30,34,17
153,25,17,19,43,21,32,26,26,33,14,21,26,26,20,25,26
154,22,22,29,31,27,32,20,23,21,20,25,33,24,21,25,25
155,23,26,29,23,23,26,30,22,25,30,23,17,24,25,29,25
156,22,34,23,28,23,28,24,25,20,23,20,24,21,25,33,27
157,31,27,18,28,27,23,27,23,23,20,19,25,24,32,30,23
158,30,18,20,22,34,32,24,21,32,23,13,39,19,24,24,25
159,25,25,6,17,27,27,31,21,28,25,25,30,31,28,22,32
160,26,25,21,23,14,21,30,26,30,26,31,18,29,29,18,33
161,29,26,21,21,27,22,26,25,31,26,25,25,25,14,25,32
162,19,28,27,28,19,29,29,27,26,23,24,28,22,25,20,26
163,25,31,22,29,28,13,16,33,21,30,28,27,19,25,25,28
164,14,18,21,27,27,25,32,20,41,21,25,24,24,25,26,30
165,30,30,33,20,16,24,19,27,40,22,24,27,23,25,20,20
166,24,27,28,30,27,24,35,25,25,17,20,24,28,27,22,17
167,17,22,18,33,21,31,22,25,28,22,30,26,20,29,28,28
168,29,23,28,30,24,36,18,16,25,16,24,33,21,24,28,25
169,28,29,26,25,17,25,24,26,31,19,29,21,32,23,19,26
170,20,38,19,27,31,20,27,26,20,27,28,16,22,21,33,25
171,19,28,32,27,34,26,23,26,20,21,32,21,18,22,23,28
172,18,30,29,33,25,21,32,17,26,25,19,27,25,31,21,21
173,24,27,32,31,24,22,24,18,26,29,22,26,18,28,26,23
174,32,22,37,25,16,20,20,29,18,31,23,24,21,31,26,25
175,34,23,31,21,19,22,16,27,20,27,23,35,31,28,27,16
176,23,24,24,27,18,30,25,15,28,27,30,22,27,29,25,26
177,18,30,22,21,25,20,17,25,23,30,24,34,26,27,31,27
178,21,24,29,17,25,32,20,16,22,28,29,26,24,31,33,23
179,21,27,27,17,23,21,19,23,29,28,21,29,23,30,33,29
180,25,15,27,28,25,20,21,22,25,28,25,28,34,23,20,34
181,33,18,29,26,29,21,26,26,19,18,27,21,36,22,21,28
182,23,23,31,16,26,23,30,25,23,17,25,30,25,31,25,27
183,19,25,30,22,22,27,24,28,24,26,26,20,33,26,24,24
184,34,24,25,25,31,17,18,21,25,26,29,26,22,29,24,24
185,27,27,28,23,27,22,23,27,31,18,23,31,24,28,21,20
186,26,30,25,31,28,24,22,26,34,26,26,21,22,23,16,20
187,22,28,23,29,19,17,31,29,33,34,26,28,17,23,26,15
188,30,23,30,26,30,23,24,26,31,18,26,24,19,29,20,21
189,18,22,23,28,26,22,21,36,31,19,24,25,23,32,23,27
190,21,19,27,28,30,23,19,25,27,23,22,25,30,21,33,27
191,24,30,33,15,24,24,31,19,32,17,29,27,21,29,23,22
192,26,33,33,17,20,27,25,27,31,21,26,20,21,22,30,21
193,26,24,20,27,25,20,21,27,30,24,27,32,28,23,22,24
194,26,29,29,28,28,26,31,22,21,18,21,23,28,17,27,26
195,31,19,29,27,25,31,24,25,31,27,22,23,23,18,20,25
196,27,31,27,12,24,32,26,22,23,27,25,30,27,19,26,22
197,25,28,17,20,24,28,21,25,25,29,26,30,34,26,28,14
198,20,18,16,27,27,24,22,33,36,22,26,24,31,33,25,16
199,30,30,15,20,22,23,28,26,23,25,25,31,24,25,28,25
200,26,17,26,36,16,28,27,28,25,30,19,24,17,28,29,24
201,13,24,29,33,18,16,26,25,30,29,26,25,20,30,32,24
202,20,26,21,34,20,23,23,24,31,23,25,22,22,24,31,31
203,29,21,24,25,26,22,27,23,29,24,22,25,23,28,24,28
204,34,33,23,18,26,21,25,38,27,25,18,19,22,20,30,21
205,27,29,23,28,28,18,27,30,20,24,21,24,27,29,24,21
206,31,29,26,27,24,21,28,25,29,21,18,17,20,27,21,36
207,19,15,32,33,20,30,16,27,20,22,24,28,28,28,36,22
208,28,27,27,24,36,18,30,20,17,28,21,24,23,21,29,27
209,25,32,25,21,25,25,29,27,29,13,23,25,20,22,30,29
210,26,26,21,17,20,22,27,40,24,13,30,26,29,29,27,23
211,21,18,24,34,24,23,23,24,22,28,26,32,22,28,24,27
212,23,21,24,24,30,21,17,21,35,31,24,20,34,25,22,28
213,28,28,19,20,29,28,24,24,30,29,19,23,25,17,24,33
214,29,23,18,18,24,27,24,18,25,24,34,30,31,22,29,24
215,35,16,20,23,25,16,21,24,20,23,31,32,29,30,25,30
216,35,29,21,25,16,19,15,26,20,27,40,27,23,25,26,26
217,28,27,32,26,24,27,25,13,30,25,20,16,31,22,27,27
218,16,31,37,30,24,23,34,21,22,25,18,21,28,27,22,21
219,29,36,26,24,32,25,26,27,20,28,23,17,24,20,22,21
220,24,30,17,18,28,28,25,26,25,18,23,21,29,29,35,24
221,25,25,23,25,25,19,19,30,21,21,35,28,34,22,27,21
222,15,26,24,21,25,31,27,20,22,23,33,23,30,31,24,25
223,21,23,32,21,17,34,29,20,27,24,28,27,27,24,21,25
224,21,25,35,21,19,28,29,22,25,33,28,28,24,25,28,9
225,34,27,26,28,20,29,22,34,24,31,20,14,22,18,26,25
226,25,23,25,32,25,29,32,27,36,23,19,16,19,18,34,17
227,27,21,31,25,20,29,34,21,28,17,19,29,19,21,36,23
228,24,22,28,25,24,31,28,21,31,19,21,28,23,22,26,27
229,17,29,24,23,29,22,29,25,30,33,35,21,21,26,25,11
230,31,29,25,20,26,27,33,19,24,30,24,28,25,21,19,19
231,27,13,22,31,25,17,26,23,30,30,21,24,32,32,28,19
232,27,25,16,36,24,17,16,23,29,20,30,24,26,28,37,22
233,26,22,24,28,27,24,17,21,35,20,24,21,32,32,22,25
234,21,26,33,31,25,20,16,32,33,19,25,29,27,20,16,27
235,20,18,29,26,31,24,24,26,28,27,14,24,21,25,26,37
236,33,26,21,26,22,26,19,22,28,26,25,26,22,27,24,27
237,31,18,30,38,25,21,20,24,20,27,33,27,26,22,18,20
238,22,31,23,29,27,28,26,26,21,21,28,30,23,20,23,22
239,18,23,26,29,28,28,20,26,24,28,21,39,26,27,25,12
240,21,26,18,22,31,22,29,18,19,27,26,35,22,21,30,33
241,22,25,22,23,24,23,30,17,22,28,24,45,29,24,21,21
242,25,20,23,39,18,22,25,23,28,24,29,25,30,18,26,25
243,19,28,26,29,20,18,32,29,27,30,32,22,25,19,19,25
244,25,31,19,21,27,27,34,21,19,34,23,22,23,24,28,22
245,23,29,27,23,27,26,25,27,16,30,29,26,19,30,19,24
246,23,18,26,29,21,32,30,27,22,33,22,23,20,25,28,21
247,30,15,22,28,27,18,28,23,24,32,36,25,21,23,25,23
248,19,26,28,28,26,24,23,22,30,21,29,34,32,16,22,20
249,27,27,24,27,24,26,20,27,21,23,28,31,31,19,23,22
250,20,32,16,26,24,25,17,29,27,22,27,31,24,31,19,30
251,32,20,27,28,21,27,16,18,26,29,32,26,24,29,19,26
252,28,29,32,31,17,22,21,22,25,18,20,30,30,31,15,29
253,23,30,30,25,24,27,22,25,19,19,30,27,26,19,20,34
254,20,26,29,24,33,19,29,28,26,29,26,24,26,18,12,31
255,23,26,26,34,27,30,15,18,23,25,18,25,32,21,25,32
256,23,32,26,24,32,22,18,32,31,20,23,18,27,29,26,17
257,17,35,20,26,31,29,34,17,24,22,21,18,26,30,28,22
258,30,22,27,21,25,30,29,20,27,21,24,27,22,26,32,17
259,24,24,24,12,27,20,27,28,33,25,19,32,25,31,27,22
260,23,22,17,21,28,28,28,26,29,20,25,31,26,20,32,24
261,23,14,28,22,29,21,25,19,23,33,20,39,26,30,21,27
262,23,22,32,27,22,37,24,27,23,20,26,26,30,23,22,16
263,23,29,19,23,23,35,27,28,32,21,17,22,23,20,32,26
264,28,19,27,29,31,31,26,30,27,22,15,16,25,27,21,26
265,30,24,25,22,28,36,26,27,26,15,28,11,17,28,26,31
266,33,33,18,27,34,22,19,23,24,26,20,23,27,27,25,19
267,37,21,30,20,31,22,32,27,17,21,24,19,27,22,24,26
268,33,27,29,15,14,27,29,25,20,26,27,24,25,29,28,22
269,29,30,29,21,21,25,25,25,24,23,20,30,33,22,25,18
270,32,22,26,28,24,24,30,15,21,28,35,22,30,26,19,18
271,31,26,30,20,23,25,26,23,28,27,28,28,20,21,25,19
272,25,25,26,22,27,30,25,25,30,19,36,25,22,23,23,17
273,22,20,34,29,27,19,30,22,21,26,28,24,30,24,18,26
274,23,29,30,26,24,23,24,26,26,26,34,23,24,20,22,20
275,26,26,23,33,17,22,22,27,18,26,26,26,31,29,29,19
276,14,31,29,18,12,20,19,29,33,31,24,26,25,31,28,30
277,20,27,20,23,28,31,16,30,28,19,26,32,30,24,28,18
278,30,24,23,19,25,25,31,18,28,29,27,29,25,17,29,21
279,23,22,26,18,32,17,27,26,26,23,22,29,26,28,37,18
280,32,19,24,25,21,19,32,23,21,27,28,33,30,20,25,21
281,32,34,27,24,17,22,24,17,21,19,29,29,23,25,30,27
282,27,33,28,28,26,22,17,26,25,20,19,18,32,25,28,26
283,28,26,15,33,26,29,17,22,21,30,22,22,36,25,27,21
284,26,29,17,25,26,22,18,21,25,24,25,22,35,25,25,35
285,27,28,19,24,14,25,25,18,34,18,27,30,30,30,26,25
286,32,23,19,29,25,23,26,24,31,28,21,21,17,28,34,19
287,29,27,24,17,19,22,33,31,20,29,18,32,26,25,26,22
288,30,15,29,23,26,34,22,28,20,28,23,31,17,22,33,19
289,27,19,29,25,31,16,31,32,27,25,22,27,30,18,22,19
290,25,20,22,28,29,24,44,21,39,27,21,18,25,21,17,19
291,19,21,32,25,29,33,26,28,25,23,25,24,25,15,29,21
292,25,27,20,29,27,29,21,26,20,22,26,21,29,25,24,29
293,18,40,26,22,36,21,20,21,26,22,20,30,31,24,15,28
294,31,25,17,20,33,20,25,26,13,27,31,25,27,29,18,33
295,21,21,23,22,30,28,20,22,16,26,29,28,29,22,25,38
296,26,24,21,21,27,32,28,31,19,24,22,20,30,26,31,18
297,31,30,26,23,19,22,28,22,24,29,24,26,27,24,26,19
298,35,29,17,26,19,17,23,13,23,34,27,25,36,24,26,26
299,18,30,23,25,23,22,20,24,21,26,20,27,27,29,30,35
300,32,26,18,27,16,27,21,33,28,29,25,15,28,20,29,26
301,24,29,28,22,25,19,24,27,24,27,18,18,33,31,25,26
302,27,20,19,29,22,24,21,17,22,29,29,23,31,34,30,23
303,26,20,23,20,31,37,30,17,24,23,22,25,32,25,26,19
304,31,20,19,18,27,26,37,18,29,19,27,25,22,30,33,19
305,17,23,27,22,26,31,29,23,17,36,20,24,26,33,26,20
306,29,32,25,17,28,21,36,21,25,19,18,32,23,24,24,26
307,26,25,19,25,29,30,26,24,17,17,28,30,29,23,27,25
308,17,26,32,20,29,24,25,29,15,20,31,32,28,23,23,26
309,28,29,25,24,24,27,31,28,14,19,23,31,20,21,31,25
310,22,30,20,19,27,27,26,27,24,20,30,23,22,22,26,35
311,23,28,32,24,21,26,33,17,29,27,27,15,22,24,24,28
312,19,29,40,25,13,26,23,15,30,34,34,21,22,17,26,26
313,26,33,44,30,20,25,18,17,30,26,24,32,15,14,22,24
314,38,26,24,31,23,23,21,21,23,28,30,21,22,22,22,25
315,24,19,24,32,26,18,24,20,26,31,18,35,29,26,24,24
316,25,26,25,24,25,19,25,27,18,23,19,34,28,23,28,31
317,31,26,25,23,28,26,18,35,21,21,18,26,24,24,28,26
318,27,26,31,21,24,18,21,24,20,21,27,29,30,30,23,28
319,19,28,24,26,26,23,21,25,31,23,26,28,24,34,22,20
320,24,32,24,17,22,20,27,28,25,25,22,29,22,38,23,22
321,18,26,22,28,25,25,28,23,23,30,34,35,16,22,25,20
322,29,20,26,21,19,24,23,21,21,22,24,28,23,30,31,38
323,21,26,23,28,24,19,21,24,24,26,20,29,28,22,31,34
324,23,25,17,22,27,28,23,25,40,17,23,25,29,19,30,27
325,31,21,31,19,29,22,19,24,31,21,30,18,30,21,24,29
326,24,22,33,20,28,27,27,23,18,23,22,22,40,18,30,23
327,25,21,23,30,27,28,24,23,22,20,27,21,31,28,28,22
328,27,28,22,21,28,23,27,32,24,36,21,24,21,19,23,24
329,27,25,22,21,29,30,21,29,22,31,24,26,24,28,21,20
330,31,33,19,22,28,23,24,33,26,25,23,30,27,23,17,16
331,35,28,20,27,22,24,23,29,28,26,34,22,18,25,13,26
332,21,26,28,21,23,23,32,28,26,24,26,24,28,24,18,28
333,20,25,27,23,32,29,24,20,28,20,31,20,20,25,26,30
334,29,26,23,23,29,27,23,26,28,23,22,24,24,19,28,26
335,18,28,31,25,21,27,21,25,24,21,32,23,26,23,25,30
336,35,20,29,15,24,25,20,32,30,16,24,24,22,28,29,27
337,33,22,25,29,17,31,28,19,29,18,26,25,21,31,16,30
338,30,29,25,29,28,28,24,13,23,21,27,31,26,21,21,24
339,23,21,25,31,20,29,19,22,29,28,27,27,25,26,20,28
340,27,26,18,25,31,21,20,17,28,18,24,31,28,26,25,35
341,21,27,25,25,33,21,20,22,28,22,28,26,25,28,26,23
342,25,25,24,28,26,25,28,18,34,25,27,24,25,27,20,19
343,17,21,17,37,14,22,29,25,39,28,21,31,26,26,27,20
344,23,22,26,30,25,24,29,25,25,37,20,22,19,29,18,26
345,30,19,28,20,18,25,32,21,30,34,19,33,23,31,20,17
346,24,27,26,27,23,24,30,19,28,28,23,22,22,27,26,24
347,31,27,17,29,19,24,23,24,22,20,30,12,29,28,37,28
348,26,26,24,21,27,27,26,31,15,14,31,22,26,33,26,25
349,27,28,24,26,28,27,33,26,18,20,26,23,26,28,21,19
350,26,26,23,26,27,27,26,27,19,25,23,23,18,24,29,31
351,23,25,27,18,29,27,25,28,24,26,20,28,20,27,28,25
352,22,17,28,29,20,34,26,26,21,34,24,29,18,20,22,30
353,20,27,27,33,25,17,23,32,25,24,27,21,31,18,21,29
354,19,25,20,36,28,25,31,22,21,29,35,17,22,23,24,23
355,22,26,22,27,21,27,29,18,33,27,22,26,22,25,22,31
356,28,16,23,24,29,28,33,21,28,24,25,28,18,33,20,22
357,25,25,23,28,28,26,23,21,24,22,30,32,22,18,28,25
358,31,16,31,15,30,28,27,20,29,30,25,33,21,25,17,22
359,21,29,24,18,36,33,25,18,25,24,30,24,26,31,17,19
360,28,20,21,26,26,29,22,31,26,27,24,27,26,21,25,21
361,29,25,25,25,24,30,24,25,20,28,30,28,26,17,25,19
362,15,30,29,35,32,19,32,34,18,26,27,22,18,19,23,21
363,30,25,28,26,20,28,35,28,15,24,24,22,26,24,23,22
364,30,27,21,27,17,31,17,30,23,20,24,30,22,30,24,27
365,23,16,22,34,17,27,21,22,27,24,32,25,21,29,27,33
366,26,27,19,33,18,21,23,20,25,28,28,30,24,30,26,22
367,24,22,28,23,18,22,25,22,26,28,23,26,22,33,29,29
368,25,28,24,15,25,25,20,18,25,34,33,18,24,31,30,25
369,24,30,34,21,20,24,32,16,27,33,21,18,26,24,18,32
370,19,32,35,27,26,21,23,21,20,25,19,19,28,26,34,25
371,18,20,27,29,20,36,26,21,17,31,30,27,21,29,21,27
372,19,18,27,23,21,17,32,31,26,30,32,21,24,20,30,29
373,17,22,26,23,27,11,28,34,32,29,26,27,29,23,28,18
374,19,28,27,25,25,32,18,18,29,27,25,29,29,26,24,19
375,21,16,24,38,17,31,22,23,26,27,22,26,32,26,24,25
376,26,29,22,19,26,31,29,24,22,21,25,16,21,29,24,36
377,24,22,19,24,32,27,23,26,26,20,13,18,33,30,33,30
378,18,29,24,20,22,28,19,28,28,28,22,29,28,26,31,20
379,19,34,12,22,25,22,22,25,23,27,26,35,28,26,22,32
380,22,22,20,30,22,30,23,30,20,21,21,28,31,33,29,18
381,27,30,28,18,22,30,22,18,17,31,29,23,27,26,27,25
382,24,19,25,38,26,29,20,23,27,24,23,21,22,30,32,17
383,21,18,28,38,24,24,30,22,31,25,25,23,19,19,30,23
384,21,21,26,30,25,24,19,23,28,27,29,27,23,27,20,30
385,26,23,32,29,28,21,13,24,24,22,34,21,29,22,19,33
386,32,25,38,23,24,29,18,22,25,17,22,22,26,24,22,31
387,25,25,30,18,24,26,27,19,28,23,16,21,28,32,26,32
388,29,24,24,22,19,25,23,23,14,30,25,20,33,28,29,32
389,20,24,24,23,30,29,21,26,25,19,34,23,19,23,25,35
390,20,16,25,31,35,24,29,26,27,25,24,18,20,26,29,25
391,20,26,23,36,23,28,27,30,30,16,17,18,18,28,32,28
392,19,21,19,19,22,30,29,27,23,29,31,29,29,24,22,27
393,22,18,22,36,28,27,24,19,24,27,30,21,23,33,25,21
394,16,29,22,24,24,31,19,25,33,32,22,24,17,32,22,28
395,30,30,18,24,30,20,17,27,29,30,24,34,26,21,22,18
396,30,25,22,26,23,29,29,19,30,24,30,24,18,25,18,28
397,25,23,17,27,39,16,37,22,26,29,26,24,20,16,25,28
398,29,22,22,25,31,21,25,19,18,21,23,33,29,25,27,30
399,21,19,25,31,30,23,22,26,28,24,22,24,30,17,37,21
400,22,16,26,30,23,20,19,26,22,30,27,28,32,28,26,25
401,25,21,20,33,25,21,15,24,21,17,30,25,29,28,34,32
402,25,26,26,23,32,23,22,21,27,22,34,21,26,32,13,27
403,28,31,25,18,29,20,26,21,23,18,31,31,26,23,27,23
404,21,24,26,26,28,18,31,24,32,21,26,23,34,25,17,24
405,26,26,24,21,25,26,19,24,37,21,26,23,28,26,17,31
406,20,29,23,20,25,32,21,29,27,21,17,33,26,23,26,28
407,22,33,22,23,23,26,19,32,24,31,24,26,24,18,27,26
408,24,29,29,23,24,26,26,31,27,29,26,20,15,30,22,19
409,22,31,22,21,28,30,29,21,22,23,39,17,28,26,18,23
410,17,30,31,17,32,19,26,25,20,26,24,29,30,25,26,23
411,23,17,33,18,35,16,27,31,23,25,24,33,23,27,16,29
412,18,30,23,25,33,28,19,33,22,18,22,20,24,25,22,38
413,23,28,31,14,23,25,21,33,25,16,21,28,32,34,24,22
414,30,24,26,20,22,27,19,28,23,24,21,31,22,36,23,24
415,22,31,22,21,22,30,30,25,22,26,29,22,18,30,31,19
416,23,24,25,29,29,29,25,27,18,28,29,23,22,29,25,15
417,28,23,15,27,30,20,31,24,23,21,26,19,25,30,34,24
418,17,18,31,27,27,26,31,19,26,31,21,22,24,27,30,23
419,20,30,26,25,22,31,28,15,22,25,24,23,30,25,31,23
420,31,31,29,25,25,25,14,27,16,30,33,20,27,23,26,18
421,25,31,25,27,24,23,23,32,20,25,21,30,16,24,33,21
422,24,22,18,27,24,37,20,25,28,30,26,22,22,23,30,22
423,27,25,29,23,25,19,21,22,25,37,26,21,19,28,26,27
424,23,27,29,20,20,26,25,25,29,26,28,17,20,30,33,22
425,15,23,22,14,18,30,28,20,32,33,29,23,25,27,30,31
426,22,24,13,19,22,16,32,23,34,23,26,30,27,28,32,29
427,29,28,22,15,29,19,28,22,26,26,23,29,27,24,29,24
428,29,26,20,25,26,18,29,29,23,21,29,32,25,22,25,21
429,30,18,18,31,31,16,22,17,21,28,38,26,25,23,28,28
430,17,24,30,22,27,21,25,21,30,31,29,23,21,35,21,23
431,26,16,31,24,19,24,24,22,22,26,23,37,28,23,28,27
432,19,28,34,22,19,23,27,21,12,15,25,44,30,21,26,34
433,28,26,33,29,19,26,14,20,24,20,33,25,25,25,29,24
434,23,18,28,26,22,22,30,22,34,20,32,19,31,24,22,27
435,21,19,33,21,31,26,25,17,26,21,24,28,28,22,28,30
436,28,31,29,23,28,26,30,20,25,20,16,22,27,22,27,26
437,31,32,26,25,24,18,26,23,32,27,24,20,24,20,28,20
438,25,33,25,30,25,19,23,26,22,20,32,21,21,21,33,24
439,30,19,25,29,33,23,22,29,19,22,22,29,30,28,22,18
440,25,29,26,22,25,25,26,25,30,27,27,23,22,17,28,23
441,28,22,23,16,18,21,19,29,29,27,32,28,22,28,37,21
442,22,25,25,22,21,38,25,25,32,20,20,24,36,17,23,25
443,23,24,26,26,29,28,23,32,18,23,21,27,31,27,23,19
444,26,28,15,21,23,29,29,39,27,18,21,32,19,21,30,22
445,23,27,26,18,33,24,33,26,22,27,22,19,33,20,18,29
446,31,19,27,38,22,18,24,37,24,20,17,22,25,28,30,18
447,21,19,26,32,29,22,30,23,30,15,33,22,23,19,32,24
448,19,28,21,16,14,36,25,25,33,23,25,21,25,30,31,28
449,20,33,23,19,21,23,32,27,25,18,30,25,25,25,26,28
450,24,27,26,27,16,29,25,22,25,22,25,32,28,24,22,26
451,23,28,19,24,23,27,28,24,23,25,24,28,26,17,35,26
452,25,36,25,27,20,23,27,25,22,28,23,28,20,29,25,17
453,25,30,33,30,23,25,25,31,22,22,19,20,23,30,18,24
454,22,29,25,22,24,26,24,28,35,20,32,26,22,15,23,27
455,16,27,18,21,32,25,31,30,31,16,33,31,25,19,22,23
456,30,27,30,18,27,20,20,27,30,26,27,28,26,21,19,24
457,29,21,20,25,24,15,27,25,28,25,32,27,28,34,21,19
458,22,28,19,17,27,18,36,27,36,32,35,19,19,31,18,16
459,37,27,30,23,23,19,25,21,27,21,29,24,18,30,27,19
460,24,31,16,24,18,26,25,28,29,29,24,33,23,21,25,24
461,20,25,18,26,18,26,27,29,21,36,24,28,29,26,25,22
462,21,18,26,23,29,30,31,23,20,35,12,31,30,25,28,18
463,26,27,24,16,26,25,12,37,18,29,23,30,35,22,29,21
464,27,26,18,14,28,37,25,28,27,25,21,17,24,22,34,27
465,16,21,19,20,34,24,24,22,22,20,32,28,31,34,20,33
466,21,31,20,25,28,15,27,28,29,26,17,29,20,33,27,24
467,20,26,20,21,25,27,27,29,23,33,20,28,22,29,25,25
468,28,30,14,25,21,31,29,25,27,23,20,23,25,26,28,25
469,22,32,22,25,28,17,26,26,31,25,25,20,23,31,18,29
470,29,34,21,26,27,28,20,25,20,20,30,22,18,22,31,27
471,24,34,21,24,28,25,27,28,29,19,27,20,20,25,28,21
472,30,24,24,20,25,30,31,22,29,23,29,22,28,22,20,21
473,28,23,25,30,20,32,30,22,23,27,22,24,20,28,19,27
474,22,33,26,26,30,23,29,20,32,22,27,20,21,19,27,23
475,36,23,33,26,32,22,18,21,24,20,18,25,28,31,18,25
476,33,21,29,28,30,22,30,24,22,22,20,26,25,26,19,23
477,21,25,33,24,29,32,18,19,24,23,22,30,34,21,23,22
478,32,24,28,27,34,25,25,16,26,29,23,18,20,19,25,29
479,32,28,28,31,29,23,31,23,27,24,21,17,20,25,16,25
480,32,24,26,25,28,27,24,30,19,20,26,22,21,35,24,17
481,29,36,19,26,21,24,19,23,20,25,31,21,28,33,28,17
482,28,29,23,21,27,29,21,18,20,20,21,26,24,34,33,26
483,28,28,18,26,28,19,26,24,27,25,19,23,28,25,26,30
484,22,20,18,26,28,25,27,24,25,28,26,30,24,22,26,29
485,24,23,27,26,24,21,29,27,29,21,25,21,30,24,21,28
486,24,16,25,29,20,29,30,33,20,30,28,18,22,25,19,32
487,25,27,21,20,26,24,20,24,20,32,28,31,25,28,25,24
488,24,18,23,20,28,25,11,24,22,35,27,33,24,30,29,27
489,29,16,31,25,23,26,27,23,18,24,30,29,32,21,27,19
490,27,17,29,18,24,22,19,31,22,19,31,22,34,30,28,27
491,24,18,28,21,28,27,24,26,22,15,27,23,27,31,34,25
492,19,21,24,28,26,20,32,22,21,17,33,26,31,37,24,19
493,19,16,26,32,29,23,26,23,28,24,25,18,25,30,32,24
494,20,19,27,24,28,21,23,23,45,22,26,17,24,29,25,27
495,36,21,39,30,20,22,26,18,28,17,19,28,26,23,27,20
496,25,17,36,27,29,20,30,22,29,18,28,32,26,22,18,21
497,35,17,34,27,18,24,23,26,22,28,23,26,25,24,25,23
498,27,16,25,26,28,28,21,34,23,17,32,23,24,28,21,27
499,35,19,24,21,29,27,24,27,23,28,23,20,24,28,17,31
500,27,26,23,24,25,24,25,28,22,19,27,27,27,36,21,19
501,28,24,28,20,22,27,22,27,20,18,29,34,31,33,18,19
502,27,14,25,31,29,31,29,18,30,24,20,23,24,23,27,25
503,23,30,29,28,26,16,22,21,27,24,18,31,24,20,28,33
504,24,23,27,31,24,21,21,17,33,17,27,27,25,22,22,39
505,23,22,31,27,26,23,26,28,24,26,17,29,15,24,30,29
506,26,25,24,25,21,26,31,26,25,21,24,31,23,29,25,18
507,28,32,29,29,15,29,19,29,24,17,28,27,21,26,34,13
508,30,21,22,25,27,25,21,17,30,26,18,28,30,27,25,28
509,25,26,23,29,21,31,24,28,22,26,23,14,28,28,27,25
510,27,28,28,23,23,26,23,20,24,32,25,25,26,27,25,18
511,18,31,23,30,21,22,36,23,25,28,27,26,28,19,21,22
512,18,34,24,21,29,32,25,23,22,26,28,29,32,13,27,17
513,15,37,31,21,26,24,23,26,24,20,17,32,30,12,35,27
514,17,23,30,26,29,20,27,21,13,27,32,35,26,24,19,31
515,22,23,26,27,27,24,30,30,20,21,29,33,24,13,27,24
516,16,22,27,24,20,21,21,36,29,20,30,24,24,26,25,35
517,18,22,19,25,14,31,22,28,34,35,23,22,22,22,35,28
518,23,24,24,28,22,30,19,25,29,29,24,20,30,25,24,24
519,22,22,26,22,27,24,22,22,24,32,20,19,31,29,30,28
520,17,23,21,27,20,20,22,24,22,36,31,25,37,21,26,28
521,22,20,23,21,20,33,16,34,23,24,32,27,23,23,30,29
522,21,21,22,23,37,29,25,28,21,23,26,24,21,24,25,30
523,25,24,34,27,32,21,24,24,22,15,26,21,29,30,25,21
524,33,24,27,29,33,25,31,25,20,16,20,20,23,26,25,23
525,26,25,32,27,24,21,31,18,18,28,19,24,25,19,38,25
526,26,23,34,36,19,25,27,19,13,22,24,22,25,28,31,26
527,24,22,31,39,20,13,26,28,21,21,21,22,23,31,30,28
528,30,23,24,26,25,17,16,30,26,17,24,23,31,25,29,34
529,20,24,27,24,32,19,22,24,21,20,25,25,29,33,24,31
530,27,23,31,26,32,28,26,25,22,25,24,12,21,29,23,26
531,32,23,31,28,22,23,25,26,18,22,27,23,37,18,23,22
532,26,20,21,24,26,25,34,23,29,25,24,29,27,15,31,21
533,24,20,22,21,27,24,24,28,31,27,27,33,30,23,18,21
534,25,26,29,25,28,29,26,19,27,21,23,36,23,21,26,16
535,21,26,22,22,27,28,24,31,20,30,29,30,20,20,26,24
536,24,28,23,21,22,31,26,20,26,29,24,30,29,22,23,22
537,26,20,24,21,33,20,23,23,32,25,32,32,25,25,23,16
538,23,20,23,31,19,18,29,28,29,31,25,23,26,23,22,30
539,24,15,25,31,26,24,28,23,29,30,29,25,23,21,29,18
540,28,28,28,21,19,27,26,33,23,17,24,24,22,24,28,28
541,22,25,31,26,28,20,30,28,19,27,19,24,26,29,19,27
542,25,20,29,23,25,19,25,32,35,33,17,17,28,22,22,28
543,21,38,31,24,19,25,22,21,25,18,26,28,28,30,22,22
544,29,31,20,25,23,30,16,19,27,31,23,30,21,32,19,24
545,18,27,28,25,30,23,21,22,25,27,24,30,29,28,20,23
546,23,27,17,33,32,21,29,21,28,23,23,26,24,23,23,27
547,27,24,21,29,25,20,18,28,26,36,23,23,33,25,23,19
548,22,25,21,26,28,19,28,28,29,25,27,19,22,30,26,25
549,23,23,34,12,23,27,27,27,29,24,18,26,28,34,23,22
550,20,24,21,19,29,25,16,31,26,29,24,25,30,28,30,23
551,25,29,22,27,27,25,20,24,27,25,25,23,22,22,29,28
552,21,28,29,18,25,26,21,32,27,21,26,28,27,19,22,30
553,17,22,22,31,21,31,26,18,24,23,27,28,20,24,31,35
554,19,30,20,28,18,26,25,23,24,20,28,28,25,31,28,27
555,24,26,26,29,15,25,36,28,16,25,24,32,21,21,31,21
556,29,25,27,28,24,23,32,19,24,26,21,23,30,24,27,18
557,26,23,28,28,20,20,23,34,25,17,21,30,37,20,28,20
558,18,20,27,20,24,24,31,40,25,18,14,32,27,26,23,31
559,21,30,23,29,28,20,20,25,20,20,22,29,32,25,19,37
560,19,31,27,29,24,23,27,19,29,28,15,23,20,26,21,39
561,20,29,17,15,32,29,33,24,26,37,21,29,21,20,18,29
562,20,22,20,22,26,29,31,20,29,25,30,33,17,28,26,22
563,17,15,22,25,16,36,31,26,26,36,28,17,19,28,31,27
564,16,38,22,19,19,25,29,25,18,35,29,31,24,37,18,15
565,21,31,25,20,27,30,27,22,15,32,22,32,23,21,25,27
566,25,24,26,19,19,25,34,29,22,23,23,30,22,19,33,27
567,23,22,17,21,30,29,26,30,25,11,24,25,33,22,28,34
568,26,26,23,20,20,33,26,38,16,19,28,20,25,26,26,28
569,26,26,24,21,20,32,22,26,23,25,18,24,34,35,22,22
570,20,25,24,30,24,24,17,29,21,35,18,27,25,24,28,29
571,24,22,30,25,18,19,21,30,30,27,30,28,24,24,20,28
572,22,21,32,22,26,28,25,31,20,21,27,29,27,23,16,30
573,17,33,27,21,20,30,28,31,26,18,18,21,23,23,33,31
574,22,28,27,30,30,29,19,34,28,14,19,20,21,28,30,21
575,24,22,31,35,28,25,24,24,28,25,25,22,23,23,17,24
576,26,13,23,25,26,30,27,14,32,25,18,21,32,29,30,29
577,28,19,20,21,24,29,14,24,31,24,25,25,29,31,31,25
578,21,29,21,20,21,21,25,30,25,16,28,20,32,36,25,30
579,25,22,24,18,21,25,29,26,27,23,20,16,31,32,26,35
580,24,30,17,29,24,22,29,26,20,22,30,17,32,27,32,19
581,22,25,22,23,22,30,23,25,29,22,24,20,31,28,30,24
582,22,25,25,27,20,21,30,18,27,26,24,23,40,21,32,19
583,23,32,27,19,25,20,22,24,35,23,23,22,30,25,27,23
584,31,24,23,25,30,35,26,26,27,28,14,21,20,26,23,21
585,36,20,26,15,20,31,23,20,26,22,21,29,22,23,33,33
586,25,22,28,23,30,18,29,23,28,26,24,31,22,21,31,19
587,36,29,24,23,28,22,22,20,28,22,22,27,26,22,29,20
588,27,31,24,25,26,22,21,22,22,32,18,28,29,18,30,25
589,26,34,26,28,22,21,25,28,18,14,22,33,26,21,31,25
590,25,27,25,28,32,19,31,28,29,22,22,19,24,19,26,24
591,26,31,20,31,28,24,24,26,27,21,22,29,18,21,31,21
592,18,19,29,33,22,30,29,21,30,18,27,26,24,21,29,24
593,24,24,31,24,26,21,26,27,28,12,27,32,25,20,27,26
594,30,22,30,32,28,20,20,25,27,16,30,27,27,8,40,18
595,28,19,23,29,17,20,19,27,26,30,26,28,32,21,32,23
596,33,17,26,23,24,22,30,23,21,33,26,24,27,25,20,26
597,29,24,21,27,26,21,25,21,24,27,26,33,22,25,25,24
598,24,29,26,23,25,19,19,29,21,19,24,28,30,24,25,35
599,23,25,28,21,30,21,18,29,25,33,18,32,27,21,26,23
600,26,24,22,19,30,28,20,18,27,24,20,26,32,23,27,34
601,23,31,28,17,27,21,21,28,25,19,23,24,34,26,22,31
602,26,25,26,23,32,20,22,22,21,29,28,26,24,26,24,26
603,30,29,31,29,33,25,23,23,16,25,18,26,18,24,22,28
604,27,22,21,24,19,20,29,32,33,19,29,29,20,20,26,30
605,22,18,21,24,24,32,24,33,31,25,29,19,22,21,30,25
606,21,34,23,32,25,21,16,23,17,18,24,25,36,28,31,26
607,20,29,20,19,29,21,28,32,24,28,25,27,17,29,23,29
608,27,22,22,19,26,25,28,30,25,25,24,24,21,23,29,30
609,30,26,21,20,21,27,29,27,23,23,25,31,34,23,17,23
610,18,28,27,19,37,23,19,31,29,29,20,22,23,24,25,26
611,23,30,20,17,34,25,22,32,28,26,26,21,23,24,24,25
612,28,25,23,37,25,20,18,22,24,27,25,26,33,20,22,25
613,27,22,15,25,23,24,30,34,23,17,27,26,38,26,17,26
614,21,20,23,24,25,33,15,26,32,15,30,33,29,26,23,25
615,36,15,24,28,18,23,33,26,22,23,21,24,27,37,22,21
616,30,25,27,25,19,28,30,22,32,28,18,23,22,26,21,24
617,25,24,18,25,23,22,24,21,19,32,30,25,22,29,37,24
618,22,19,24,22,20,33,25,26,27,21,36,23,24,32,22,24
619,17,19,19,32,30,20,19,29,22,27,38,37,26,23,23,19
620,14,21,26,27,21,25,28,25,26,26,28,34,33,23,21,22
621,25,25,23,24,21,32,21,28,19,30,22,22,25,26,30,27
622,19,20,21,21,25,28,20,22,24,32,23,30,29,31,28,27
623,30,22,23,24,19,21,24,27,24,28,29,26,27,23,28,25
624,29,27,25,26,32,23,28,32,15,23,23,32,20,17,24,24
625,21,23,26,28,28,29,24,22,27,19,21,25,29,27,30,21
626,14,19,33,22,21,15,20,31,26,31,26,16,32,28,39,27
627,29,21,28,29,18,18,21,29,25,26,28,20,20,26,31,31
628,22,21,33,23,30,22,24,23,27,22,31,27,28,28,16,23
629,24,24,21,24,25,25,27,32,26,19,25,25,29,19,37,18
630,20,27,25,27,30,20,26,21,28,28,24,28,34,19,25,18
631,24,21,25,22,32,21,26,27,18,25,24,27,21,35,28,24
632,18,28,31,28,28,32,23,18,25,24,19,28,30,27,26,15
633,26,32,21,33,29,28,21,21,26,22,25,22,20,26,28,20
634,35,24,29,31,15,22,30,26,23,16,30,25,21,20,29,24
635,23,31,28,23,25,23,23,13,30,29,20,26,23,28,36,19
636,24,26,26,20,23,26,23,21,27,25,23,29,25,26,29,27
637,26,26,22,17,23,27,28,27,17,25,21,30,20,28,28,35
638,23,22,27,19,28,26,23,27,21,20,27,27,23,27,25,35
639,20,24,24,31,28,23,28,27,25,15,31,27,23,28,28,18
640,26,19,17,27,35,21,32,24,21,24,29,30,25,15,31,24
641,24,28,23,17,28,22,35,20,30,18,29,22,25,30,27,22
642,22,33,23,22,22,29,26,30,25,20,26,19,24,27,30,22
643,24,23,21,21,20,24,29,34,26,21,28,27,29,24,30,19
644,22,23,29,28,19,19,32,22,24,21,28,37,26,17,27,26
645,15,23,19,21,34,21,24,23,24,22,39,35,24,22,26,28
646,24,22,23,24,38,22,23,25,24,27,25,28,29,21,26,19
647,21,30,27,23,34,21,22,30,27,30,22,28,21,18,24,22
648,26,17,17,37,27,25,37,19,25,25,10,32,29,25,20,29
649,25,28,31,25,30,31,24,24,21,29,18,29,17,15,28,25
650,18,25,32,30,20,28,28,29,22,17,26,22,24,27,27,25
651,28,25,20,26,18,38,35,28,18,20,24,26,22,13,33,26
652,18,28,28,29,29,23,25,25,15,22,32,20,20,22,32,32
653,17,22,25,28,30,30,18,23,23,25,27,21,18,24,37,32
654,16,26,25,25,28,27,33,29,24,15,20,28,24,32,21,27
655,19,27,23,26,26,23,27,24,20,23,25,27,29,27,29,25
656,20,23,24,25,25,32,24,23,31,23,22,33,32,25,12,26
657,24,21,27,28,34,28,13,22,20,22,27,22,36,26,24,26
658,18,20,25,27,25,31,19,22,28,20,32,24,26,33,26,24
659,25,28,15,27,31,27,22,17,28,25,31,19,23,27,32,23
660,17,28,22,25,28,23,22,23,28,20,25,30,24,29,32,24
661,35,20,23,26,22,31,27,19,28,19,24,31,28,20,27,20
662,32,20,31,21,28,24,27,26,20,19,31,24,26,22,21,28
663,30,22,26,26,26,34,23,31,21,20,26,25,18,19,20,33
664,20,23,28,28,23,19,31,39,23,25,21,30,23,20,22,25
665,35,19,28,26,26,18,24,27,15,26,33,24,26,18,25,30
666,15,20,23,30,23,35,21,31,27,20,25,25,27,24,33,21
667,17,17,19,27,23,30,35,29,23,26,20,23,27,30,28,26
668,20,25,27,24,17,21,23,27,22,24,35,22,27,29,32,25
669,17,20,32,23,22,22,31,25,22,27,34,21,27,21,27,29
670,26,27,20,29,21,20,23,22,22,22,28,28,35,21,30,26
671,12,25,31,27,36,29,23,27,23,16,21,26,34,27,23,20
672,17,25,24,31,32,30,22,26,18,26,19,27,30,30,15,28
673,28,34,23,22,32,36,30,34,17,26,15,18,17,25,21,22
674,23,32,24,20,32,31,24,23,22,24,33,24,18,23,27,20
675,23,27,18,28,31,27,22,32,20,31,30,12,26,27,21,25
676,33,30,20,27,29,26,33,18,22,27,23,27,34,16,19,16
677,28,28,23,25,35,23,18,24,29,23,26,22,26,20,23,27
678,24,27,26,21,28,15,37,33,24,15,30,24,26,22,25,23
679,25,24,23,26,33,26,27,20,26,17,17,32,19,17,29,39
680,26,24,26,17,26,30,28,25,21,23,19,20,26,25,26,38
681,25,18,20,22,23,28,23,23,26,23,29,32,30,31,18,29
682,23,26,22,25,18,24,37,24,27,22,23,22,22,28,29,28
683,9,25,25,29,18,19,22,27,33,36,27,19,20,24,34,33
684,22,31,33,25,18,24,25,33,22,27,27,27,25,20,28,13
685,21,31,28,22,16,29,22,33,20,26,28,26,19,27,30,22
686,36,19,29,27,18,33,24,22,13,25,31,22,16,30,34,21
687,26,29,29,21,23,31,26,25,32,19,32,18,21,21,24,23
688,22,24,21,25,24,32,29,26,29,30,34,16,17,26,23,22
689,23,29,21,21,28,29,26,21,29,26,27,26,35,22,18,19
690,23,22,28,21,12,30,34,30,33,27,25,18,30,28,15,24
691,23,28,23,32,27,32,21,27,24,25,27,19,31,24,16,21
692,32,34,25,29,32,16,18,24,24,20,28,18,38,21,21,20
693,30,20,24,23,23,22,19,19,21,30,29,18,31,18,41,32
694,22,23,17,21,23,24,27,25,31,28,31,17,24,29,29,29
695,21,19,19,19,26,26,30,23,36,27,32,31,25,26,22,18
696,19,31,24,27,24,26,24,21,29,20,29,31,17,33,21,24
697,19,25,24,33,22,29,22,21,25,22,20,32,15,31,27,33
698,21,29,28,28,22,19,29,24,18,21,23,25,28,25,28,32
699,31,20,29,26,20,23,33,26,18,25,24,24,20,28,27,26
700,35,28,28,28,21,30,27,29,12,21,27,26,17,31,19,21
701,25,36,25,23,25,25,16,25,29,26,31,28,16,25,24,21
702,23,35,35,24,18,22,29,25,25,19,26,25,19,31,21,23
703,34,30,29,25,27,23,28,16,20,20,30,19,31,25,18,25
704,24,25,27,20,24,17,36,21,29,32,19,20,27,19,32,28
705,22,24,30,21,27,25,26,34,24,25,29,14,29,20,31,19
706,29,26,23,29,25,24,29,23,23,27,19,19,29,24,30,21
707,22,22,28,26,28,22,25,28,36,23,24,20,20,27,22,27
708,25,17,29,26,29,27,22,30,32,25,23,22,19,25,19,30
709,30,27,22,25,25,33,27,30,20,26,20,16,23,31,20,25
710,23,33,21,24,22,22,24,19,27,24,20,23,18,44,27,29
711,28,28,20,20,18,21,35,26,28,32,22,24,29,25,27,17
712,23,30,20,29,19,35,30,22,18,24,30,23,25,15,31,26
713,22,27,25,19,32,23,42,29,20,22,23,19,29,31,17,20
714,22,20,27,26,31,29,29,24,21,31,21,18,28,29,21,23
715,24,33,24,23,31,23,22,21,35,21,25,27,26,25,21,19
716,27,18,23,32,28,22,21,20,30,28,28,22,20,31,27,23
717,27,18,21,39,31,22,22,22,34,27,29,22,13,23,25,25
718,31,20,31,32,20,24,25,21,24,13,34,30,27,22,22,24
719,27,27,25,29,21,24,26,20,23,19,20,30,28,28,23,30
720,18,21,33,22,34,28,30,17,21,21,26,27,29,23,22,28
721,27,20,27,21,29,22,25,19,29,28,30,27,22,17,33,24
722,18,29,24,23,24,21,27,28,32,16,29,31,26,21,35,16
723,30,33,30,26,26,27,27,16,23,20,20,32,17,29,25,19
724,35,16,33,20,26,26,21,30,15,20,29,26,30,24,22,27
725,32,27,23,22,24,25,31,33,20,27,22,25,19,20,20,30
726,31,32,20,35,25,21,14,30,23,22,26,18,26,17,26,34
727,31,25,30,28,16,20,16,29,24,22,24,33,25,19,30,28
728,24,28,28,19,19,25,20,40,22,26,23,17,27,21,31,30
729,26,33,27,24,23,20,22,21,24,20,20,27,28,22,32,31
730,29,25,27,21,18,27,24,31,21,20,21,36,22,26,25,27
731,29,25,16,24,22,26,27,23,25,20,31,22,30,24,22,34
732,24,23,23,28,31,31,18,17,31,14,20,32,29,28,24,27
733,33,29,17,28,22,30,24,20,30,30,14,30,21,21,22,29
734,23,41,27,21,20,26,24,23,29,20,23,23,25,26,21,28
735,19,22,35,27,14,37,20,26,24,23,40,22,28,23,15,25
736,23,20,20,25,23,28,21,22,29,29,25,26,25,31,19,34
737,30,14,19,27,27,26,23,17,30,30,37,24,13,28,22,33
738,22,26,19,23,28,17,16,26,24,32,29,35,19,31,30,23
739,30,24,29,30,27,22,25,35,15,16,20,31,24,24,26,22
740,30,25,31,23,34,31,29,27,21,20,16,20,23,23,20,27
741,21,17,23,35,34,23,27,25,30,29,27,26,22,20,20,21
742,35,26,30,26,28,25,27,24,17,22,32,21,19,18,22,28
743,21,32,30,18,27,28,29,25,30,29,19,23,22,9,31,27
744,30,22,20,21,34,31,27,23,23,25,19,37,22,16,24,26
745,27,17,26,27,27,32,17,17,22,22,27,25,36,21,19,38
746,26,14,19,35,26,27,23,18,22,25,20,24,22,32,31,36
747,21,19,22,31,21,21,31,26,29,24,20,25,22,36,25,27
748,19,27,13,30,23,29,24,30,29,29,27,25,26,24,23,22
749,33,24,23,19,25,30,17,31,24,19,38,20,30,16,28,23
750,28,22,30,21,24,30,24,28,23,27,27,24,29,19,28,16
751,25,31,22,26,25,21,25,27,26,33,24,27,23,22,28,15
752,23,30,24,29,20,26,24,31,27,24,24,17,21,27,26,27
753,27,24,20,29,30,31,26,27,16,21,21,30,25,24,26,23
754,28,27,21,27,35,17,21,25,27,23,16,23,29,23,29,29
755,27,23,28,26,27,28,32,24,29,16,16,28,30,23,19,24
756,23,24,24,28,24,26,26,26,26,26,23,30,27,23,20,24
757,30,29,26,23,26,30,27,26,24,30,24,21,20,26,18,20
758,28,28,22,29,36,42,25,29,22,24,16,21,24,13,22,19
759,19,30,26,28,24,39,30,21,26,19,25,22,16,28,22,25
760,17,22,20,24,17,32,30,20,29,23,29,24,27,32,22,32
761,25,27,23,25,31,27,20,24,21,26,26,14,30,28,27,26
762,21,26,22,33,31,32,20,17,24,26,24,25,36,22,25,16
763,25,25,28,25,23,29,19,28,35,27,22,21,28,17,28,20
764,27,30,22,26,31,30,26,21,24,31,23,30,23,18,16,22
765,17,23,20,35,29,34,24,27,28,21,28,23,17,21,22,31
766,28,26,22,30,24,18,25,31,13,23,23,22,28,27,22,38
767,22,23,21,22,15,25,30,21,24,23,32,23,31,28,31,29
768,28,19,25,23,18,21,25,26,26,21,22,26,35,25,24,36
769,28,25,23,35,17,22,26,27,25,16,30,25,26,25,28,22
770,18,31,25,28,29,19,24,28,16,28,16,33,21,27,28,29
771,28,27,24,29,24,18,23,34,25,27,12,29,23,25,29,23
772,30,23,24,26,24,16,29,19,20,29,20,32,31,20,25,32
773,29,25,31,33,24,19,21,18,25,14,22,36,31,21,19,32
774,21,30,23,26,25,27,14,23,23,27,26,25,27,32,27,24
775,27,29,15,26,25,20,22,28,24,40,20,20,23,28,25,28
776,19,25,20,22,21,27,31,26,23,19,21,35,32,30,19,30
777,16,19,25,24,21,23,40,22,23,26,25,26,28,31,20,31
778,18,24,29,16,23,21,29,25,20,28,29,19,26,40,29,24
779,24,26,24,27,25,23,35,26,23,20,27,25,28,29,26,12
780,14,21,26,26,22,27,20,27,32,30,27,27,29,22,23,27
781,26,27,18,29,23,21,20,30,25,37,23,33,20,24,30,14
782,25,34,29,23,30,23,20,23,15,30,29,24,28,23,24,20
783,31,27,28,23,31,18,23,17,25,30,22,29,27,24,20,25
784,29,25,31,27,26,21,27,28,27,19,26,25,25,22,21,21
785,25,18,20,26,27,26,26,23,25,37,29,21,21,24,24,28
786,27,25,27,28,28,24,20,21,39,28,24,22,23,23,16,25
787,18,37,22,21,32,18,24,19,28,34,22,24,31,18,22,30
788,24,23,32,31,20,18,16,17,34,33,22,21,28,26,25,30
789,39,29,16,23,20,20,17,28,30,25,23,35,18,26,22,29
790,25,27,26,32,21,26,32,24,27,18,25,24,23,26,24,20
791,23,19,22,27,34,20,16,29,24,22,29,26,30,29,26,24
792,32,27,25,24,29,25,24,14,24,29,22,31,23,14,34,23
793,32,22,27,24,18,22,28,24,26,23,22,22,34,22,28,26
794,20,21,18,30,24,25,28,21,26,31,18,32,31,18,29,28
795,23,26,14,30,17,35,28,21,18,31,30,28,30,26,21,22
796,27,30,22,19,18,24,29,29,36,22,29,21,24,29,21,20
797,21,32,27,25,18,18,27,29,31,30,14,27,25,29,30,17
798,19,33,24,24,23,27,24,26,24,24,22,26,22,28,30,24
799,24,37,19,33,19,24,25,24,27,21,28,28,28,23,21,19
800,26,21,27,22,25,30,32,25,27,29,24,25,21,16,25,25
801,23,27,20,30,27,29,33,21,22,20,27,28,19,16,21,37
802,25,31,19,25,31,21,22,23,18,24,39,27,24,19,26,26
803,30,27,29,22,29,15,24,26,24,23,28,26,19,20,30,28
804,29,25,18,23,32,27,22,24,30,24,15,24,27,25,31,24
805,26,33,24,24,23,15,28,26,26,25,20,29,19,26,29,27
806,22,20,22,29,26,20,29,24,16,26,24,34,23,29,34,22
807,24,14,35,23,26,21,26,23,23,27,30,24,19,29,28,28
808,28,20,30,30,27,24,22,20,24,28,26,32,16,25,21,27
809,22,26,23,20,25,30,26,25,28,27,33,19,25,26,22,23
810,26,19,29,23,26,39,23,20,18,32,30,20,20,23,22,30
811,22,18,25,21,28,31,30,19,19,25,33,19,23,27,26,34
812,18,29,18,18,26,29,27,28,18,28,35,29,22,25,26,24
813,22,16,27,16,23,28,28,34,18,23,28,31,31,37,21,17
814,19,22,25,25,23,24,23,32,32,25,28,22,26,29,21,24
815,28,22,25,23,24,23,29,24,26,26,26,27,29,24,28,16
816,31,22,23,25,24,22,25,18,33,31,23,29,24,24,22,24
817,28,26,31,25,24,26,22,25,26,30,18,25,21,21,29,23
818,30,27,18,33,22,24,32,22,22,25,26,28,24,24,24,19
819,31,31,24,22,23,19,22,22,25,30,20,23,27,25,31,25
820,22,26,22,34,21,28,24,23,12,27,22,19,27,35,33,25
821,21,26,27,28,24,25,16,28,21,34,24,20,32,25,31,18
822,19,27,16,25,20,26,20,23,29,37,30,26,29,30,29,14
823,27,35,27,19,16,30,27,26,26,27,27,22,24,28,16,23
824,20,32,30,25,28,17,29,25,32,33,25,17,21,31,19,16
825,33,24,20,31,20,32,20,27,21,29,31,22,23,24,28,15
826,24,21,22,22,31,36,32,18,21,24,22,28,19,21,32,27
827,23,24,26,30,29,21,30,23,24,22,33,25,19,21,22,28
828,17,31,27,29,26,27,25,37,23,21,28,19,22,22,21,25
829,25,21,26,33,25,27,27,31,23,22,22,26,13,33,31,15
830,31,23,30,28,18,24,23,31,24,22,23,28,17,30,25,23
831,26,35,31,16,25,28,25,25,27,27,24,31,15,23,26,16
832,20,28,26,14,26,26,23,26,26,26,28,35,21,23,28,24
833,27,29,17,25,28,24,26,27,17,33,29,27,29,19,21,22
834,31,24,21,22,28,21,31,17,34,21,25,32,23,21,22,27
835,26,21,24,20,23,20,28,27,27,25,19,32,24,36,25,23
836,35,21,24,20,23,23,21,30,19,26,27,28,31,23,24,25
837,19,29,23,29,30,23,25,25,25,24,28,20,29,25,23,23
838,31,26,26,23,27,24,23,32,23,31,25,18,20,25,22,24
839,34,27,22,23,16,28,30,28,18,26,22,20,28,27,21,30
840,31,31,25,19,21,19,25,23,22,27,25,25,25,25,22,35
841,23,17,27,30,18,23,32,30,16,28,30,31,26,21,26,22
842,31,15,27,28,28,23,18,40,30,27,24,24,20,26,24,15
843,26,12,17,32,24,34,25,21,30,24,31,31,27,27,18,21
844,32,17,17,16,28,26,24,21,31,17,24,32,35,23,32,25
845,31,22,24,19,30,19,24,33,34,20,29,24,20,23,23,25
846,30,22,26,21,26,28,16,30,27,21,23,22,33,25,25,25
847,27,28,36,27,31,24,23,23,29,19,20,19,35,20,18,21
848,34,31,26,13,29,19,21,23,21,27,27,24,34,25,24,22
849,31,20,25,23,22,20,36,13,20,29,25,24,28,23,30,31
850,32,22,29,19,26,25,19,27,15,25,20,27,30,31,28,25
851,31,24,31,24,25,29,17,21,30,28,19,18,25,31,20,27
852,29,32,30,28,20,26,20,23,21,33,27,24,20,29,16,22
853,28,26,23,29,19,21,33,19,32,23,30,26,20,23,22,26
854,31,27,19,21,29,29,26,30,30,19,24,28,19,26,22,20
855,25,27,23,25,32,26,18,29,23,20,28,29,18,27,29,21
856,28,27,21,24,27,26,26,23,25,18,38,26,20,33,17,21
857,25,30,28,23,20,20,18,28,27,36,27,26,20,28,19,25
858,26,30,27,24,20,25,19,28,36,30,26,32,19,17,19,22
859,22,31,20,19,19,27,22,24,33,24,26,28,30,31,22,22
860,32,27,28,18,21,17,22,27,26,33,21,27,28,28,21,24
861,33,27,25,12,23,29,22,28,25,27,26,26,24,16,32,25
862,25,22,34,26,20,26,19,32,21,32,27,29,30,15,27,15
863,26,28,25,26,23,18,21,23,26,40,30,24,20,25,22,23
864,24,23,23,29,20,23,23,20,19,32,30,28,25,28,26,27
865,21,26,31,27,22,21,18,26,28,23,22,30,24,26,21,34
866,22,23,24,20,27,20,22,31,23,32,19,35,26,26,19,31
867,21,21,23,24,25,22,24,23,24,28,32,23,30,30,29,21
868,25,19,27,28,25,19,33,19,28,24,22,28,26,20,31,26
869,25,27,26,22,26,24,26,23,24,26,31,35,16,27,22,20
870,23,38,27,20,16,20,29,24,32,28,32,15,27,21,15,33
871,20,33,20,22,26,16,30,15,28,26,30,23,23,33,23,32
872,20,25,25,21,29,19,26,23,25,22,30,27,29,24,36,19
873,20,21,25,21,28,22,22,24,26,25,30,26,25,22,28,35
874,22,22,25,21,23,22,27,29,22,26,31,31,22,20,24,33
875,21,25,22,22,27,24,32,24,21,22,25,30,21,23,33,28
876,34,21,18,27,25,26,33,30,21,25,22,16,26,27,27,22
877,24,19,23,24,26,24,31,27,26,29,26,18,37,26,21,19
878,25,22,28,20,22,18,26,30,21,28,25,22,40,26,22,25
879,21,22,18,30,34,20,27,26,23,25,24,20,26,28,31,25
880,19,20,28,26,26,31,20,33,19,23,24,22,25,23,26,35
881,23,31,22,34,28,19,27,25,23,19,21,27,21,26,20,34
882,29,23,26,35,25,19,21,26,27,22,29,21,17,29,24,27
883,25,23,31,32,17,24,24,27,22,25,24,28,25,24,22,27
884,23,33,21,24,19,21,28,29,30,31,28,29,22,20,12,30
885,27,19,23,25,31,21,25,26,23,32,19,33,25,24,22,25
886,25,29,20,31,26,28,18,21,27,24,25,21,22,27,27,29
887,38,21,27,27,26,25,23,25,15,22,29,38,22,22,21,19
888,33,30,21,29,20,21,29,25,30,23,34,28,23,18,22,14
889,24,28,24,35,22,19,32,23,28,26,22,27,21,27,25,17
890,30,28,25,23,26,26,28,22,25,18,19,34,17,31,24,24
891,26,27,26,31,28,25,21,27,28,27,25,18,18,22,27,24
892,28,22,26,27,30,18,12,28,25,25,23,27,28,27,27,27
893,25,31,35,30,20,23,21,22,19,24,22,35,25,23,24,21
894,28,26,32,27,23,30,26,20,20,27,18,29,20,24,24,26
895,32,20,26,36,23,25,28,24,27,19,17,27,29,23,23,21
896,24,23,33,22,25,26,26,30,24,27,18,23,24,26,24,25
897,17,25,29,26,19,28,34,31,20,32,18,22,21,22,37,19
898,29,35,24,26,26,25,27,21,21,23,20,22,32,33,19,17
899,37,29,24,22,29,21,25,20,17,20,31,19,23,29,21,33
900,32,29,27,18,27,36,17,25,27,19,24,22,24,23,22,28
901,21,27,26,27,26,31,20,31,33,24,13,21,21,24,28,27
902,24,20,17,29,23,29,30,27,19,29,25,29,22,30,26,21
903,20,35,24,20,27,24,31,28,32,18,25,30,26,18,26,16
904,24,17,29,30,31,25,23,28,27,30,26,22,22,22,28,16
905,31,28,24,28,28,29,25,23,27,19,29,20,22,26,19,22
906,27,21,16,27,30,36,28,25,28,24,26,25,27,22,23,15
907,31,21,18,27,24,36,25,21,28,28,28,22,23,20,20,28
908,29,21,21,26,23,25,35,29,21,29,29,19,22,21,17,33
909,27,21,22,28,24,23,20,29,21,29,30,23,26,22,25,30
910,21,16,29,21,27,18,21,29,34,20,25,28,32,25,26,28
911,25,22,33,22,26,23,22,29,30,18,20,27,22,31,29,21
912,25,25,29,19,31,27,26,26,20,33,23,25,20,22,18,31
913,24,21,22,31,22,24,19,30,30,20,30,19,30,17,31,30
914,19,22,26,28,26,19,36,34,27,27,24,23,21,20,26,22
915,28,25,23,29,20,20,23,33,22,29,25,21,32,20,27,23
916,30,27,18,21,22,22,22,30,27,30,29,25,23,24,24,26
917,29,23,22,29,27,24,24,22,30,20,30,26,17,23,25,29
918,23,18,23,30,31,23,22,20,28,28,24,28,21,31,22,28
919,22,32,22,26,27,30,22,24,27,22,22,25,26,31,20,22
920,19,25,20,30,31,14,22,29,16,26,28,28,30,30,28,24
921,24,27,14,23,28,23,25,15,29,25,33,23,29,31,26,25
922,19,27,28,24,17,20,18,18,30,36,24,32,27,27,28,25
923,27,26,28,27,28,21,20,18,25,28,28,20,22,26,23,33
924,25,25,28,35,23,22,22,22,36,31,20,22,22,25,22,20
925,19,23,20,31,22,26,28,24,21,26,24,28,28,30,26,24
926,25,24,24,23,25,17,26,26,29,24,21,26,37,21,28,24
927,24,22,26,33,30,24,20,20,30,24,23,32,23,21,27,21
928,24,24,21,25,32,19,26,21,22,35,29,28,21,25,32,16
929,20,30,19,24,27,27,27,24,23,28,35,25,19,18,30,24
930,23,26,26,18,30,18,24,30,22,27,23,21,30,24,25,33
931,24,23,27,30,31,18,24,26,28,19,18,29,27,25,26,25
932,29,21,23,18,20,26,30,25,30,21,23,27,34,25,20,28
933,24,23,22,17,27,20,27,25,27,23,33,29,28,30,23,22
934,22,31,23,35,19,27,22,31,21,28,19,37,19,24,22,20
935,31,28,24,24,29,28,21,27,19,19,16,22,25,29,28,30
936,24,24,26,24,23,24,25,16,20,25,22,28,24,30,39,26
937,25,30,22,23,29,22,28,27,29,23,22,26,24,25,20,25
938,28,24,21,27,29,19,29,23,31,25,23,24,14,30,24,29
939,24,25,31,29,24,20,29,22,23,19,24,19,29,31,28,23
940,24,19,35,23,23,24,32,31,19,27,26,28,22,17,28,22
941,26,23,30,21,29,26,35,35,22,20,22,25,19,10,27,30
942,39,20,21,26,22,30,30,31,25,30,23,18,29,17,17,22
943,24,17,20,24,28,31,29,23,22,18,24,30,25,32,30,23
944,25,14,26,24,29,33,27,26,27,21,23,28,20,25,28,24
945,34,27,31,23,24,29,24,29,30,17,21,19,27,31,15,19
946,21,31,21,22,20,33,17,25,33,23,25,19,35,24,26,25
947,22,36,21,34,26,20,15,25,25,18,29,25,20,40,18,26
948,15,35,22,31,29,25,18,25,20,24,31,25,28,25,21,26
949,27,25,22,29,24,28,23,33,24,18,22,26,23,27,20,29
950,27,19,25,28,27,30,31,23,27,24,25,26,25,23,20,20
951,30,23,25,26,35,29,15,22,27,29,25,26,24,17,23,24
952,22,24,26,26,29,32,17,23,32,24,34,25,20,15,25,26
953,29,18,26,33,25,24,23,30,27,25,29,33,16,23,20,19
954,22,21,28,28,32,21,23,35,27,24,21,21,23,26,25,23
955,27,31,21,22,25,24,23,30,19,25,28,36,16,29,21,23
956,24,30,21,34,24,27,26,36,18,28,21,25,21,16,25,24
957,25,26,24,36,26,27,25,27,16,31,18,20,21,25,27,26
958,18,19,23,28,30,17,25,23,28,31,29,19,20,30,33,27
959,21,26,26,30,29,27,24,21,26,24,31,25,20,21,29,20
960,34,20,23,23,33,27,29,23,17,25,27,22,23,19,28,27
961,25,25,38,15,25,26,30,31,18,19,22,20,27,23,29,27
962,23,21,35,19,24,27,28,21,21,30,21,19,38,22,21,30
963,24,34,27,33,20,32,20,21,24,27,29,23,20,12,22,32
964,26,27,28,28,21,24,21,22,26,26,28,30,26,21,24,22
965,27,27,17,28,25,27,19,24,30,27,22,30,26,22,34,15
966,19,28,26,31,19,36,21,22,31,24,24,24,27,20,21,27
967,17,28,25,29,24,22,29,25,26,30,20,16,35,30,17,27
968,25,22,30,17,21,31,17,15,21,30,33,22,30,33,27,26
969,29,29,24,25,21,28,25,21,21,27,30,23,20,24,26,27
970,21,25,23,21,22,25,32,31,27,20,23,35,20,22,25,28
971,19,25,27,20,32,27,28,27,24,25,15,31,27,25,23,25
972,22,26,22,25,34,30,33,28,24,20,16,25,29,26,22,18
973,20,31,20,28,28,39,22,27,21,18,26,28,23,22,23,24
974,31,24,22,22,23,26,17,32,22,27,27,21,30,28,21,27
975,30,30,23,19,36,25,22,25,23,24,26,20,23,27,27,20
976,36,23,14,14,26,27,28,28,27,20,28,22,23,31,31,22
977,31,20,20,26,23,27,26,23,29,23,21,25,30,17,36,23
978,29,19,25,20,30,24,25,30,22,18,29,30,24,19,31,25
979,25,25,21,19,27,27,27,30,19,20,23,26,29,28,27,27
980,32,23,22,23,24,28,23,26,21,18,22,26,27,29,27,29
981,24,18,23,24,30,24,28,25,22,31,19,27,26,24,30,25
982,26,20,21,22,23,25,18,23,23,25,28,25,36,26,32,27
983,18,29,23,19,20,18,30,32,37,15,27,24,29,26,27,26
984,25,15,30,22,27,20,28,23,25,22,23,21,26,19,32,42
985,18,22,27,23,22,19,19,25,24,24,29,25,25,23,34,41
986,24,23,30,26,12,19,22,22,25,29,24,23,33,28,24,36
987,20,26,25,27,23,26,30,20,15,24,25,29,28,28,25,29
988,24,28,23,18,26,26,29,31,19,18,23,19,27,36,35,18
989,20,24,22,27,24,27,36,25,22,25,19,23,29,30,29,18
990,21,20,25,26,24,31,20,29,25,25,24,20,32,22,31,25
991,17,19,24,26,22,18,27,26,27,26,32,31,30,23,30,22
992,25,24,29,23,23,17,20,21,25,32,35,31,20,24,27,24
993,29,29,26,27,21,30,19,19,28,22,35,22,25,23,23,22
994,31,25,31,29,25,29,23,26,32,20,20,24,25,21,19,20
995,26,39,25,31,17,27,22,16,29,24,24,20,18,34,24,24
996,21,27,24,33,24,30,19,21,27,20,22,29,34,24,25,20
997,30,30,18,35,21,15,23,24,26,22,29,24,29,27,22,25
998,34,20,23,38,18,21,23,16,22,24,30,16,38,26,25,26
999,26,29,23,20,19,19,20,26,33,17,27,34,32,28,23,24
1000,23,26,20,33,20,26,17,13,25,24,33,35,23,22,33,27
